che_day_px,phan_che_px_pct,do_dai_nhin_thay_mm,B_T_mm,table_valid,along_center_cu_sai_cao_mm,along_center_cu_sai_ngang_mm,neo_ban_sai_cao_mm,neo_ban_sai_ngang_mm,neo_nap_sai_cao_mm,neo_nap_sai_ngang_mm,along_moi_sai_cao_mm,along_moi_sai_ngang_mm
0,0.0,197.7,197.3,True,14.3,1.5,0.0,0.0,-0.0,0.0,0.0,0.0
5,2.4,197.3,197.2,True,14.5,1.6,0.0,0.1,-0.0,0.1,0.1,0.1
10,4.8,194.8,197.3,True,16.1,1.3,0.0,0.6,0.0,0.6,0.1,0.6
15,7.2,190.4,197.7,True,18.9,0.5,-0.2,2.4,0.2,2.3,-0.0,2.3
20,9.6,175.3,198.0,True,28.0,0.7,-0.3,4.1,0.3,4.0,-0.1,4.1
25,12.0,161.7,198.1,True,36.2,1.6,-0.4,4.5,0.4,4.4,-0.1,4.5
30,14.4,157.1,198.2,True,39.1,1.8,-0.4,5.1,0.5,4.9,-0.1,5.0
35,16.7,149.9,198.1,True,43.3,2.3,-0.3,5.9,0.6,5.8,0.1,5.9
40,19.1,144.2,198.2,True,46.8,2.8,-0.3,5.9,0.6,5.7,0.0,5.8
45,21.5,139.0,197.9,True,50.0,3.5,0.0,5.6,0.6,5.5,0.2,5.6
50,23.9,134.9,197.8,True,52.5,3.6,0.3,6.4,0.8,6.3,0.5,6.3
55,26.3,128.9,198.5,True,56.1,4.1,-0.3,7.3,0.9,7.0,0.1,7.2
60,28.7,122.4,198.2,True,60.0,4.9,0.1,8.0,1.0,7.8,0.4,7.9
65,31.1,118.2,197.7,True,62.5,5.2,0.6,7.5,1.0,7.4,0.8,7.5
70,33.5,114.9,197.9,True,64.5,5.6,0.6,8.6,1.2,8.5,0.8,8.6
75,35.9,107.6,198.0,True,68.9,6.4,0.5,8.6,1.2,8.4,0.8,8.5
80,38.3,100.9,198.0,True,72.8,7.7,0.5,8.0,1.1,7.9,0.8,8.0
85,40.7,97.5,194.8,True,75.0,8.5,3.4,5.3,0.9,5.8,2.7,5.5
90,43.1,96.1,201.3,True,75.9,8.3,-2.7,7.6,1.1,6.8,-1.5,7.3
95,45.5,93.4,198.6,True,77.6,8.9,-0.2,6.7,1.1,6.4,0.3,6.6
100,47.8,89.1,197.2,True,80.1,9.6,1.2,6.2,1.1,6.3,1.2,6.2
